image,url,id,title,release_year,runtime,genre,rate,description,directed_by,cast,cast,cast,cast,votes
https://www.imdb.com/title/tt1187043/?ref_=kw_li_i,https://m.media-amazon.com/images/G/01/imdb/images/nopicture/large/film-184890147._CB469860316_.png,1,3 Idiots,2009,170 min,"Comedy, Drama",8.4,"Two friends are searching for their long lost companion. They revisit their college days and recall the memories of their friend who inspired them to think differently, even as the rest of the world called them ""idiots"".",Rajkumar Hirani,Aamir Khan,Madhavan,Mona Singh,Sharman Joshi,"278,580"
https://www.imdb.com/title/tt5074352/?ref_=kw_li_i,https://m.media-amazon.com/images/G/01/imdb/images/nopicture/large/film-184890147._CB469860316_.png,2,Dangal,2016,161 min,"Action, Biography, Drama",8.5,Former wrestler Mahavir Singh Phogat and his two wrestler daughters struggle towards glory at the Commonwealth Games in the face of societal oppression.,Nitesh Tiwari,Aamir Khan,Sakshi Tanwar,Fatima Sana Shaikh,Sanya Malhotra,"101,714"
https://www.imdb.com/title/tt5461944/?ref_=kw_li_i,https://m.media-amazon.com/images/G/01/imdb/images/nopicture/large/film-184890147._CB469860316_.png,3,Hotel Mumbai,2018,125 min,"Crime, Drama, History",,Hotel Mumbai tells the astonishing true story of the victims and survivors of the devastating attacks on Mumbai in 2008. A story which fearlessly tackles the defining global issues of our ...                 »,Anthony Maras,Armie Hammer,Jason Isaacs,Nazanin Boniadi,Dev Patel,
https://www.imdb.com/title/tt6774212/?ref_=kw_li_i,https://m.media-amazon.com/images/G/01/imdb/images/nopicture/large/film-184890147._CB469860316_.png,4,Aiyaary,2018,157 min,"Action, Crime, Drama",5.2,"After finding out about an illegal arms deal, a military intelligence officer goes rogue with highly sensitive data related to his organization, causing his mentor: a colonel to hunt him down.",Neeraj Pandey,Sidharth Malhotra,Manoj Bajpayee,Rakul Preet Singh,Pooja Chopra,"2,552"
https://www.imdb.com/title/tt0811138/?ref_=kw_li_i,https://m.media-amazon.com/images/G/01/imdb/images/nopicture/large/film-184890147._CB469860316_.png,5,The Love Guru,2008,87 min,"Comedy, Romance, Sport",3.8,"Pitka, an American raised outside of his country by gurus, returns to the States in order to break into the self-help business. His first challenge is to settle the romantic troubles and subsequent professional skid of a star hockey player whose wife left him for a rival athlete.",Marco Schnabel,Mike Myers,Jessica Alba,Romany Malco,Jessica Simpson,"46,245"
https://www.imdb.com/title/tt7363076/?ref_=kw_li_i,https://m.media-amazon.com/images/G/01/imdb/images/nopicture/large/film-184890147._CB469860316_.png,6,Raid,2018,122 min,"Action, Crime, Drama",7.5,A fearless income tax officer raids the mansion of the most powerful man in Lucknow after someone mysteriously draws his attention towards the evidence.,Raj Kumar Gupta,Ajay Devgn,Saurabh Shukla,Ileana D'Cruz,Amit Sial,"6,974"
https://www.imdb.com/title/tt0361411/?ref_=kw_li_i,https://m.media-amazon.com/images/G/01/imdb/images/nopicture/large/film-184890147._CB469860316_.png,7,Bride & Prejudice,2004,122 min,"Comedy, Drama, Musical",6.2,"A modern adaptation of Jane Austen's classic novel, Pride and Prejudice, that features the lives of four unmarried daughters in an Indian family.",Gurinder Chadha,Martin Henderson,Aishwarya Rai Bachchan,Nadira Babbar,Anupam Kher,"18,633"
https://www.imdb.com/title/tt2980794/?ref_=kw_li_i,https://m.media-amazon.com/images/G/01/imdb/images/nopicture/large/film-184890147._CB469860316_.png,8,Highway,2014,133 min,"Crime, Drama, Romance",7.6,"Right before her wedding, a young woman finds herself abducted and held for ransom. As the initial days pass, she begins to develop a strange bond with her kidnapper.",Imtiaz Ali,Alia Bhatt,Randeep Hooda,Durgesh Kumar,Pradeep Nagar,"21,774"
https://www.imdb.com/title/tt5935072/?ref_=kw_li_i,https://m.media-amazon.com/images/G/01/imdb/images/nopicture/large/film-184890147._CB469860316_.png,9,Mostly Sunny,2016,94 min,Documentary,5.5,"Mostly Sunny is a documentary that tells the remarkable story of Sunny Leone, the Canadian-born, American-bred adult film star who is pursuing her dreams of Bollywood stardom.",Dilip Mehta,Sunny Leone,Daniel Weber,Sundeep Vohra,Kiran Bedi,428
https://www.imdb.com/title/tt1185420/?ref_=kw_li_i,https://m.media-amazon.com/images/G/01/imdb/images/nopicture/large/film-184890147._CB469860316_.png,10,Dostana,2008,145 min,"Comedy, Drama, Romance",6.5,"Two straight guys pretend to be gay in order to secure a Miami apartment. When both of them fall for their roommate Neha, hilarity ensues as they strive to convince one and all that they're gay whilst secretly trying to win her heart.",Tarun Mansukhani,Abhishek Bachchan,John Abraham,Priyanka Chopra,Kiron Kher,"12,247"
https://www.imdb.com/title/tt6129302/?ref_=kw_li_i,https://m.media-amazon.com/images/G/01/imdb/images/nopicture/large/film-184890147._CB469860316_.png,11,Bhavesh Joshi Superhero,2018,154 min,"Action, Drama",7.6,"A young man becomes a vigilante after his vigilante group's attempt to expose corrupt political figures results in the death of one of its members, his friend.",Vikramaditya Motwane,Harshvardhan Kapoor,Priyanshu Painyuli,Ashish Verma,Shreiyah Sabharwal,919
https://www.imdb.com/title/tt2797242/?ref_=kw_li_i,https://m.media-amazon.com/images/G/01/imdb/images/nopicture/large/film-184890147._CB469860316_.png,12,Bombay Talkies,2013,127 min,Drama,6.7,One hundred years of Hindi cinema is celebrated in four short stories showcasing the power of film.,Zoya Akhtar,Dibakar Banerjee,Karan Johar,Anurag Kashyap,Rani Mukerji,"4,231"
https://www.imdb.com/title/tt6484982/?ref_=kw_li_i,https://m.media-amazon.com/images/G/01/imdb/images/nopicture/large/film-184890147._CB469860316_.png,13,Newton,2017,106 min,"Comedy, Drama",7.8,A government clerk on election duty in the conflict ridden jungle of Central India tries his best to conduct free and fair voting despite the apathy of security forces and the looming fear of guerrilla attacks by communist rebels.,Amit Masurkar,Rajkummar Rao,Pankaj Tripathi,Anjali Patil,Raghuvir Yadav,"9,534"
https://www.imdb.com/title/tt1182937/?ref_=kw_li_i,https://m.media-amazon.com/images/G/01/imdb/images/nopicture/large/film-184890147._CB469860316_.png,14,Rab Ne Bana Di Jodi,2008,167 min,"Comedy, Drama, Music",7.2,"A breathtaking, goose flesh igniting, awe inspiring love journey of an ordinary man Suri and his 'total opposite' love Taani.",Aditya Chopra,Shah Rukh Khan,Anushka Sharma,Vinay Pathak,M.K. Raina,"38,358"
https://www.imdb.com/title/tt5785170/?ref_=kw_li_i,https://m.media-amazon.com/images/G/01/imdb/images/nopicture/large/film-184890147._CB469860316_.png,15,Toilet - Ek Prem Katha,2017,155 min,"Comedy, Drama",7.3,"A woman threatens to leave her husband unless he installs a toilet in their home. To win back her love and respect, he heads out on a journey to fight against the backward society.",Shree Narayan Singh,Akshay Kumar,Bhumi Pednekar,Sudhir Pandey,Divyendu Sharma,"12,126"
https://www.imdb.com/title/tt1013542/?ref_=kw_li_i,https://m.media-amazon.com/images/G/01/imdb/images/nopicture/large/film-184890147._CB469860316_.png,16,The Cheetah Girls: One World,2008,90 min,"Comedy, Drama, Family",4.8,The girl group travel to India to star in a Bollywood movie - but end up competing for the same part.,Paul Hoen,Adrienne Houghton,Sabrina Bryan,Kiely Williams,Roshan Seth,"3,385"
https://www.imdb.com/title/tt1562871/?ref_=kw_li_i,https://m.media-amazon.com/images/G/01/imdb/images/nopicture/large/film-184890147._CB469860316_.png,17,Ra.One,2011,156 min,"Action, Adventure, Sci-Fi",4.8,A computer game character takes on physical form to destroy a player who nearly beat him but quit the game in between.,Anubhav Sinha,Shah Rukh Khan,Arjun Rampal,Kareena Kapoor,Shahana Goswami,"34,377"
https://www.imdb.com/title/tt1093370/?ref_=kw_li_i,https://m.media-amazon.com/images/G/01/imdb/images/nopicture/large/film-184890147._CB469860316_.png,18,Jab We Met,2007,138 min,"Comedy, Drama, Romance",7.9,A depressed wealthy businessman finds his life changing after he meets a spunky and care-free young woman.,Imtiaz Ali,Shahid Kapoor,Kareena Kapoor,Tarun Arora,Dara Singh,"39,496"
https://www.imdb.com/title/tt0280720/?ref_=kw_li_i,https://m.media-amazon.com/images/G/01/imdb/images/nopicture/large/film-184890147._CB469860316_.png,19,The Guru,2002,94 min,"Comedy, Music, Romance",5.4,A young man leaves India to find fame and fortune in America where he unexpectedly becomes a sex guru.,Daisy von Scherler Mayer,Jimi Mistry,Heather Graham,Marisa Tomei,Michael McKean,"14,169"
https://www.imdb.com/title/tt0347473/?ref_=kw_li_i,https://m.media-amazon.com/images/G/01/imdb/images/nopicture/large/film-184890147._CB469860316_.png,20,Main Hoon Na,2004,179 min,"Action, Comedy, Drama",7,"An army major goes undercover as a college student. His mission is both professional and personal: to protect his general's daughter from a radical militant, and to find his estranged half-brother.",Farah Khan,Shah Rukh Khan,Sushmita Sen,Sunil Shetty,Zayed Khan,"27,750"
https://www.imdb.com/title/tt0456144/?ref_=kw_li_i,https://m.media-amazon.com/images/G/01/imdb/images/nopicture/large/film-184890147._CB469860316_.png,21,Lage Raho Munna Bhai,2006,144 min,"Comedy, Drama, Fantasy",8.1,Munna Bhai embarks on a journey with Mahatma Gandhi in order to fight against a corrupt property dealer.,Rajkumar Hirani,Sanjay Dutt,Arshad Warsi,Vidya Balan,Jimmy Sheirgill,"36,017"
https://www.imdb.com/title/tt0114234/?ref_=kw_li_i,https://m.media-amazon.com/images/G/01/imdb/images/nopicture/large/film-184890147._CB469860316_.png,22,Rangeela,1995,142 min,"Comedy, Drama, Musical",7.5,"A middle class young woman, who dreams of Bollywood fame, is caught in a love triangle between her childhood friend and a famous actor.",Ram Gopal Varma,Urmila Matondkar,Aamir Khan,Jackie Shroff,Gulshan Grover,"7,525"
https://www.imdb.com/title/tt0470869/?ref_=kw_li_i,https://m.media-amazon.com/images/G/01/imdb/images/nopicture/large/film-184890147._CB469860316_.png,23,Neal 'N' Nikki,2005,122 min,"Comedy, Musical, Romance",3.3,Take a joyride with Neal and Nikki as they travel all across Canada to find what they want most. And it's going to be quite a trip.,Arjun Sablok,Uday Chopra,Tanishaa Mukerji,Abhishek Bachchan,Richa Pallod,"1,300"
https://www.imdb.com/title/tt1182972/?ref_=kw_li_i,https://m.media-amazon.com/images/G/01/imdb/images/nopicture/large/film-184890147._CB469860316_.png,24,Bachna Ae Haseeno,2008,152 min,"Comedy, Drama, Romance",6.2,"Raj is a heartbreaker. His love stories with Mahi, Radhika and Gayatri finally teach him about love and life in their own sweet, sexy and sassy way.",Siddharth Anand,Ranbir Kapoor,Deepika Padukone,Bipasha Basu,Minissha Lamba,"8,724"
https://www.imdb.com/title/tt2831404/?ref_=kw_li_i,https://m.media-amazon.com/images/G/01/imdb/images/nopicture/large/film-184890147._CB469860316_.png,25,Dr. Cabbie,2014,101 min,Comedy,6.1,"An Indian doctor emigrates to Canada in the hope of starting a new life, but bureaucracy confines him to life as a taxi driver. When he cannot suppress his desire to practice medicine, he begins illegally treating patients from his cab.",Jean-François Pouliot,Vinay Virmani,Adrianne Palicki,Kunal Nayyar,Lillete Dubey,"2,678"
https://www.imdb.com/title/tt1753640/?ref_=kw_li_i,https://m.media-amazon.com/images/G/01/imdb/images/nopicture/large/film-184890147._CB469860316_.png,26,Crook: It's Good to Be Bad,2010,121 min,"Action, Crime, Drama",5.1,Corrupt police and racially motivated attacks against Indian students complicate a re-located crook's life and romance in Australia.,Mohit Suri,Emraan Hashmi,Neha Sharma,Arjan Bajwa,Mashhoor Amrohi,"1,522"
https://www.imdb.com/title/tt0195002/?ref_=kw_li_i,https://m.media-amazon.com/images/G/01/imdb/images/nopicture/large/film-184890147._CB469860316_.png,27,Kaun?,1999,90 min,"Mystery, Thriller",7.7,"While alone in the house, a woman hears news of serial killer on the loose. And then a stranger rings the doorbell...",Ram Gopal Varma,Urmila Matondkar,Manoj Bajpayee,Sushant Singh,,"2,715"
https://www.imdb.com/title/tt2417560/?ref_=kw_li_i,https://m.media-amazon.com/images/G/01/imdb/images/nopicture/large/film-184890147._CB469860316_.png,28,Filmistaan,2012,117 min,Comedy,7.3,"In Mumbai, affable Bollywood buff and wanna-be-actor Sunny, who works as an assistant director, fantasizes on becoming a heart-throb star. However, at every audition he is summarily thrown ...                 »",Nitin Kakkar,Sharib Hashmi,Inaamulhaq,Kumud Mishra,Gopal Dutt,"3,008"
https://www.imdb.com/title/tt1602476/?ref_=kw_li_i,https://m.media-amazon.com/images/G/01/imdb/images/nopicture/large/film-184890147._CB469860316_.png,29,Badmaa$h Company,2010,142 min,"Comedy, Crime, Drama",6,Four youngsters grow rich together with a big idea in 90's middle-class Bombay. All is hunky dory till they are forced to shut shop until a plan comes up.,Parmeet Sethi,Shahid Kapoor,Anushka Sharma,Meiyang Chang,Vir Das,"5,324"
https://www.imdb.com/title/tt5912310/?ref_=kw_li_i,https://m.media-amazon.com/images/G/01/imdb/images/nopicture/large/film-184890147._CB469860316_.png,30,Badman,2016,84 min,"Comedy, Drama",5.2,"A mad, comic caper where the legendary Bad Man of Bollywood, Gulshan Grover relaunches himself in the film industry, but this time as a hero! With celebrity cameos, hilarious delusional ...                 »",Soumik Sen,Ajit Andhare,Mahesh Bhatt,Anupama Chopra,Gopal Dutt,15
https://www.imdb.com/title/tt2188805/?ref_=kw_li_i,https://m.media-amazon.com/images/G/01/imdb/images/nopicture/large/film-184890147._CB469860316_.png,31,Login,2012,125 min,"Drama, Thriller",6.2,This movie is about three characters who are connected to the Internet and end up disconnecting their actual life.,Sanjeev Reddy,Himanshu Bhatt,Raadhika Singh,Akkash Basnet,Rashmi Gautam,83
https://www.imdb.com/title/tt5544662/?ref_=kw_li_i,https://m.media-amazon.com/images/G/01/imdb/images/nopicture/large/film-184890147._CB469860316_.png,32,Sweetiee Weds NRI,2017,116 min,"Comedy, Drama, Romance",3.5,Sweetie's father wants her daughter to get married to an NRI from England.,Hasnain Hyderabadwala,Himansh Kohli,Zoya Afroz,Darshan Jariwala,Kiran Juneja,170
https://www.imdb.com/title/tt7399620/?ref_=kw_li_i,https://m.media-amazon.com/images/G/01/imdb/images/nopicture/large/film-184890147._CB469860316_.png,33,Game Over,2017,140 min,Thriller,7.1,"GAME OVER - Story of a Con Girl - Bold and Beautiful, Smart and Intelligent; but that's not enough to play the Game of Life - Game of Gamble.",Paresh Vinodray Savani,Rajesh Sharma,Yashpal Sharma,Rakesh Bedi,Gurleen Chopra,58
https://www.imdb.com/title/tt1340778/?ref_=kw_li_i,https://m.media-amazon.com/images/G/01/imdb/images/nopicture/large/film-184890147._CB469860316_.png,34,I Am 24,2010,118 min,"Comedy, Romance",6.8,The perks of lying.,Saurabh Shukla,Rajat Kapoor,Ranvir Shorey,Neha Dhupia,Manjari Phadnis,"1,111"
https://www.imdb.com/title/tt0119239/?ref_=kw_li_i,https://m.media-amazon.com/images/G/01/imdb/images/nopicture/large/film-184890147._CB469860316_.png,35,Gupt: The Hidden Truth,1997,173 min,"Action, Crime, Drama",7.4,"Governor Jaisingh Sinha is murdered and the needle of suspicion points towards his estranged son, Sahil Sinha who must prove his innocence.",Rajiv Rai,Bobby Deol,Manisha Koirala,Kajol,Prem Chopra,"3,905"
https://www.imdb.com/title/tt0459133/?ref_=kw_li_i,https://m.media-amazon.com/images/G/01/imdb/images/nopicture/large/film-184890147._CB469860316_.png,36,Shabnam Mausi,2005,,Drama,6.3,,Yogesh Bharadwaj,Ashutosh Rana,Sujeet Chaubey,Rashami Desai,Jass Khera,44
https://www.imdb.com/title/tt0297416/?ref_=kw_li_i,https://m.media-amazon.com/images/G/01/imdb/images/nopicture/large/film-184890147._CB469860316_.png,37,Superman,1987,123 min,Sci-Fi,4.2,"A young baby from the doomed planet Krypton is sent to Earth, where he is adopted by an elderly couple in India who name him Shekhar. After growing to an adult and learning about his ...                 »",B. Gupta,Puneet Issar,Sonia Sahni,Dharmendra,Shakti Kapoor,220
https://www.imdb.com/title/tt4467202/?ref_=kw_li_i,https://m.media-amazon.com/images/G/01/imdb/images/nopicture/large/film-184890147._CB469860316_.png,38,Hero,2015,145 min,"Action, Drama, Romance",3.7,"A boy and a girl find themselves stuck in a whirlpool of such intense love that they would do anything, go to any extent and face all odds for the one they love.",Nikkhil Advani,Suraj Pancholi,Athiya Shetty,Tigmanshu Dhulia,Aditya Pancholi,"1,904"
https://www.imdb.com/title/tt1773109/?ref_=kw_li_i,https://m.media-amazon.com/images/G/01/imdb/images/nopicture/large/film-184890147._CB469860316_.png,39,Yamla Pagla Deewana,2011,163 min,"Action, Comedy, Drama",5.7,A married Canadian travels to India to re-unite with his estranged father and brother but faces obstacles and challenges.,Samir Karnik,Nafisa Ali,Yugesh Anil,Madhuri Bhattacharya,Emma Brown Garett,"3,421"
https://www.imdb.com/title/tt0321494/?ref_=kw_li_i,https://m.media-amazon.com/images/G/01/imdb/images/nopicture/large/film-184890147._CB469860316_.png,40,Bollywood Queen,2002,89 min,"Musical, Romance",4.7,A cross cultural romance set in London's East End about a young girl of Indian heritage.,Jeremy Wooding,Preeya Kalidas,James McAvoy,Ray Panthaki,Ciarán McMenamin,422
https://www.imdb.com/title/tt1764581/?ref_=kw_li_i,https://m.media-amazon.com/images/G/01/imdb/images/nopicture/large/film-184890147._CB469860316_.png,41,Save Your Legs!,2012,92 min,"Comedy, Sport",5.5,"Edward 'Teddy' Brown lives for his suburban cricket club and his two best friends, Rick and Stavros. But when he realizes that his beloved team mates are moving on and growing up, he's ...                 »",Boyd Hicklin,Stephen Curry,Brendan Cowell,Damon Gameau,David Lyons,455
https://www.imdb.com/title/tt1227524/?ref_=kw_li_i,https://m.media-amazon.com/images/G/01/imdb/images/nopicture/large/film-184890147._CB469860316_.png,42,Aashayein,2010,120 min,Drama,7.1,A man meets with assorted characters in a nursing home after being diagnosed with cancer.,Nagesh Kukunoor,John Abraham,Anaitha Nair,Girish Karnad,Farida Jalal,"1,050"
https://www.imdb.com/title/tt0069810/?ref_=kw_li_i,https://m.media-amazon.com/images/G/01/imdb/images/nopicture/large/film-184890147._CB469860316_.png,43,Bobby,1973,168 min,"Comedy, Musical, Romance",7.1,"Mr. Nath lives a very wealthy lifestyle in India along with his wife, Sushma, and a 6 year old son, Raj. Both he and Sushma lead a very busy life, so much so that they have no quality time ...                 »",Raj Kapoor,Rishi Kapoor,Dimple Kapadia,Pran,Prem Nath,"1,370"
https://www.imdb.com/title/tt0397551/?ref_=kw_li_i,https://m.media-amazon.com/images/G/01/imdb/images/nopicture/large/film-184890147._CB469860316_.png,44,My Faraway Bride,2006,95 min,"Comedy, Drama, Romance",4.7,"My Bollywood Bride tells the story of Alex, a copy-writer dreaming of being an adventure novelist someday, who meets and romances Indian beauty Reena, while she is vacationing in California...                 »",Rajeev Virani,Jason Lewis,Kashmira Shah,Gulshan Grover,Sanjay Suri,590
https://www.imdb.com/title/tt5608972/?ref_=kw_li_i,https://m.media-amazon.com/images/G/01/imdb/images/nopicture/large/film-184890147._CB469860316_.png,45,Bir Baba Hindu,2016,112 min,"Action, Adventure, Comedy",3.4,"A disillusioned head of a mob falls in love with his yoga instructor. When she is kidnapped, he has to embark on journey from Istanbul to Mumbai to save her.",Sermiyan Midyat,Sermiyan Midyat,Burak Satibol,Nicole Faria,Safak Sezer,"1,530"
https://www.imdb.com/title/tt7371104/?ref_=kw_li_i,https://m.media-amazon.com/images/G/01/imdb/images/nopicture/large/film-184890147._CB469860316_.png,46,GRADE,2017,64 min,Drama,6.2,Grade is first ever film made in India to address Films classification Subject. Grade is a story of girl Sapna and her struggle to get work and act in films. Film gives message- Films ...                 »,Anup Samaddar,Mrinalini Chatterjee,Swati Ghosh,Mrinalini Chatterjee,Malay Ghosh,15
https://www.imdb.com/title/tt5216810/?ref_=kw_li_i,https://m.media-amazon.com/images/G/01/imdb/images/nopicture/large/film-184890147._CB469860316_.png,47,Bollywood Diaries,2016,123 min,Drama,6,The passionate journey of three Bollywood fanatics who wish to make it big in the industry.,K.D. Satyam,Raima Sen,Salim Diwan,Ashish Vidyarthi,Karuna Pandey,224
https://www.imdb.com/title/tt4493550/?ref_=kw_li_i,https://m.media-amazon.com/images/G/01/imdb/images/nopicture/large/film-184890147._CB469860316_.png,48,Flat 211,2017,,"Crime, Mystery, Thriller",7.1,An incident occurs at Flat 211 and the characters connected to this flat get involved in the incident leading to a mess. The mysterious identity of the person responsible for the incident grows leading to a dramatic turn of events.,Sunil Sanjan,Jayesh Raj,Sonal Singh,Samonica Shrivastava,Digvijay Singh,35
https://www.imdb.com/title/tt0106541/?ref_=kw_li_i,"https://m.media-amazon.com/images/M/MV5BMzk5YTA1OTEtM2Y0MC00ZDY5LWI4ODctMTBiYjViODBmNTM3XkEyXkFqcGdeQXVyNTE0MDc0NTM@._V1_UY209_CR4,0,140,209_AL_.jpg",49,Chandra Mukhi,1993,,"Comedy, Fantasy, Romance",3.9,"In order to acquire his wealth and estate a young boy, Raja Rai is abused by his uncle, Madan and step-mother. Fortunately for him a female alien from another planet descended on Earth in ...                 »",Debaloy Dey,Maya Alagh,Tinnu Anand,Mohnish Bahl,Avtar Gill,408
https://www.imdb.com/title/tt1172587/?ref_=kw_li_i,"https://m.media-amazon.com/images/M/MV5BMjIyOTg2NzAwM15BMl5BanBnXkFtZTcwMTUxNjU0OA@@._V1_UY209_CR8,0,140,209_AL_.jpg",50,Delhi Safari,2012,96 min,"Animation, Comedy, Drama",5.7,A group of animals plan a trip to Delhi in order to ask the parliament why the forest they live in is on the verge of destruction.,Nikkhil Advani,Cary Elwes,Christopher Lloyd,Tara Strong,Brad Garrett,"1,411"
,https://m.media-amazon.com/images/G/01/imdb/images/nopicture/large/film-184890147._CB469860316_.png,101,Omar Gatlato,1977,90 min,"Comedy, Drama",6.6,A somewhat cynical but realistic look at the alienation of men in Algerian society.,Merzak Allouache,Boualem Benani,Aziz Degga,Farida Guenaneche,Rabah Leghaa,105
,https://m.media-amazon.com/images/G/01/imdb/images/nopicture/large/film-184890147._CB469860316_.png,102,Meinu Ek Ladki Chaahiye,2014,,"Comedy, Crime, Drama",3.5,The movie is a comical social satire portrays a 'Guru' and a 'Shishya' trying to change other's viewpoints and make them walk on the right path.,Abhishek Bindal,Puru Chibber,Reecha Sinha,Rashee Bindal,Raghuvir Yadav,8
,https://m.media-amazon.com/images/G/01/imdb/images/nopicture/large/film-184890147._CB469860316_.png,103,Raving Rabbids: Travel in Time,2010,,"Action, Adventure, Comedy",5.5,"This new party game will permit you and your ""rabbids"", to travel in time with a time washing machine. You'll have the possibility to change history and bring a mess every time, everywhere.",Cédric Royer,Patrice Baudrier,Thierry Kazazian,Yoann Perrier,Véronique Picciotto,14
,https://m.media-amazon.com/images/G/01/imdb/images/nopicture/large/film-184890147._CB469860316_.png,104,Holly - Bolly,2004,12 min,"Comedy, Short, Drama",6.9,Two young film makers are forced to go cross genre,Dishad Husain,Robert Atiko,Mark Forbes,Honey Kalaria,Riz Meedin,25
,https://m.media-amazon.com/images/G/01/imdb/images/nopicture/large/film-184890147._CB469860316_.png,105,The Mole,2008,25 min,"Short, Comedy, Mystery",,"This independent short film is based on an actor who suffers from an identity crisis with his film noir private detective character, 'The Mole' (his character actually wears a facial mole).",Salil Jason Fernandez,Neil Bhoopalam,Nikhil D'Souza,Steven Fernandez,Radhika Gulwadi,
,https://m.media-amazon.com/images/G/01/imdb/images/nopicture/large/film-184890147._CB469860316_.png,106,The Voice of God,2011,10 min,Short,7.3,"If God came down to earth and try to earn a living in Bombay, most probably he would become successful as a voice over artiste, lending his voice to thousands of Hindi movies and even more documentaries and public service films in India.",Bernd Lützeler,Harish Bhimani,,,,6
,https://m.media-amazon.com/images/G/01/imdb/images/nopicture/large/film-184890147._CB469860316_.png,107,Missed Call,2005,105 min,"Comedy, Drama",8,Christine is stalked by an unknown caller whilst confronting her boyfriend about his cheating ways.,Vinay Subramanian,Mridul Toolsidass,Ankur Vikal,Salim Ghouse,Heeba Shah,11
,https://m.media-amazon.com/images/G/01/imdb/images/nopicture/large/film-184890147._CB469860316_.png,108,That Game of Chess,2005,,Drama,7.8,"A cross cultural love story of an ambitious Indian guy, who comes to United States to achieve his dreams, but gets distracted during the course. Finally meets a girl of his dreams who brings him back to the path of success.",Raja Bundela,John Bozeman,Jym Braun,Mary Christina Brown,Raja Bundela,22
,https://m.media-amazon.com/images/G/01/imdb/images/nopicture/large/film-184890147._CB469860316_.png,109,Jhomma Chumma in London,1991,,,7.8,,Amitabh Bachchan,Sonali Bajpayee,Sudesh Bhonsle,Aamir Khan,,47
,https://m.media-amazon.com/images/G/01/imdb/images/nopicture/large/film-184890147._CB469860316_.png,110,Chath: A Roof Without Walls,2007,93 min,"Drama, Thriller",,Inspired by true stories of homeless people in America. It delves into the dynamics of the relationships between 3 homeless Indians in USA.,Hyder Bilgrami,Tirthankar Das,Sanjay Malhotra,Liyakat Khan,Charu Gupta,
,https://m.media-amazon.com/images/G/01/imdb/images/nopicture/large/film-184890147._CB469860316_.png,111,Everything to Dance For,2007,92 min,Drama,6.5,"Everything To Dance For is the story of Ellie (Sasha Jackson), a young girl following her dream of learning to dance, despite the misgivings of her mother (Sally Reeve), their lack of money...                 »",Pearl Howie,Sasha Jackson,Travis Oliver,Sally Reeve,Brendan Cole,10
,https://m.media-amazon.com/images/G/01/imdb/images/nopicture/large/film-184890147._CB469860316_.png,112,Motel Patel,2015,12 min,"Short, Drama, Family",,A kaleidoscope of Indian family characters who own a distressed motel in the United States.,Sanjini Bhakta,Russ Andrade,Alex Bhagat,Sanjini Bhakta,Sudha Desai,
,https://m.media-amazon.com/images/G/01/imdb/images/nopicture/large/film-184890147._CB469860316_.png,113,Now and Then,2016,30 min,"Short, Drama, Family",,"Now and Then is a love story about Mallika, a South Asian woman who immigrated to the US at the age of 18. The film flash forwards thirty years, when someone from her past catches up to her...                 »",Mohitha Sripathi,Nikki Chawla,Rome K. Chopra,Farokh Daruwala,Arun Ganapathy,
,https://m.media-amazon.com/images/G/01/imdb/images/nopicture/large/film-184890147._CB469860316_.png,114,Bollywood Blues,2008,50 min,Documentary,,"A story, told trough the passion for dance and music, about the choice between tradition and individual freedom for Hindustan who live in the Netherlands.",Rishi Chamman,Johan Badloe,Monique Badloe,Nanti Badloe,,
,https://m.media-amazon.com/images/G/01/imdb/images/nopicture/large/film-184890147._CB469860316_.png,115,Ghar Jaana Hai: The Stories Untold,2017,6 min,"Short, Music",,A couple take viewers through their emotional journey of love and separation in the backdrop of Drought and Migration.,Snehasis Das,Gargi Mohanty,Raj Zutshi,,,
,https://m.media-amazon.com/images/G/01/imdb/images/nopicture/large/film-184890147._CB469860316_.png,116,Milind Soman Made Me Gay,2007,27 min,"Documentary, Short",6.7,A conceptual documentary about desire and notions of home & belonging among gay South Asian in diaspora.,Harjant Gill,Daniel Phoenix Singh,Khusboo Dilruba,Harjant Gill,Ayush Gupta,11
,https://m.media-amazon.com/images/G/01/imdb/images/nopicture/large/film-184890147._CB469860316_.png,117,Larger Than Life,2003,78 min,Documentary,8.6,"Director Helle Ryslinge travels to the heart of Indian filmmaking, Bollywood, and meets the filmmakers, the stars and the audiences in an attempt to discover some of the reasons behind the success.",Helle Ryslinge,Shah Rukh Khan,Manisha Koirala,Helle Ryslinge,,878
,https://m.media-amazon.com/images/G/01/imdb/images/nopicture/large/film-184890147._CB469860316_.png,118,The Other Side of Bollywood,2006,80 min,Documentary,6.2,"A documentary about the making of films in different regions of India and the social forces, industry forces, and censor board that shape moviemaking there. Several actors, actresses, and ...                 »",Rahul Bose,Pak Daddy,Vasundhara Das,Zayed Khan,,6
,https://m.media-amazon.com/images/G/01/imdb/images/nopicture/large/film-184890147._CB469860316_.png,119,Bollyworld,2010,30 min,"Documentary, Short",,"India is going through extraordinary changes and entering the global market. This documentary focuses on how India's largest film industry ""Bollywood"" is transforming itself to appeal to a ...                 »",Ram Devineni,Kumar,Sanjay,,,
,https://m.media-amazon.com/images/G/01/imdb/images/nopicture/large/film-184890147._CB469860316_.png,120,Indian Ben,2015,60 min,Comedy,8.4,Indian Ben is an exploitation comedy that tips it's hat to classic Bollywood cinema and Indian culture. The film is made as a badly dubbed Indian movie that follows an orphan adult male ...                 »,Ben Hoene,Ben Hoene,Lily Newton,Terek Nabulsi,S. Janjay Knowlden,14
,https://m.media-amazon.com/images/G/01/imdb/images/nopicture/large/film-184890147._CB469860316_.png,121,"Helen, Queen of the Nautch Girls",1973,31 min,"Short, Documentary, Musical",6.5,,Anthony Korner,Helen,Anthony Korner,,,32
,https://m.media-amazon.com/images/G/01/imdb/images/nopicture/large/film-184890147._CB469860316_.png,122,Nayi Soch Ki Talaash Aamir Ke Saath,2012,60 min,,8.7,Bollywood movie actor Aamir Khan answers questions with the cast of the Star TV parivaar serial characters as well as plugging his new movie Talaash.,Shagufta Ali,Bhavesh Balchandani,Devoleena Bhattacharjee,Gautam Gulati,,27
,https://m.media-amazon.com/images/G/01/imdb/images/nopicture/large/film-184890147._CB469860316_.png,123,Coxwell & Gerrard,2008,15 min,"Short, Comedy, Musical",8.3,"A westernized Indian gains his first exposure to South Asian culture when he wanders into Toronto's Little India, and when he tries to woo a beautiful girl, discovers reality is not quite like Bollywood.",Stephen Lategan,Tricia Bhim,Stephen Lategan,Rosanna D'Souza,Natasha Singh,11
,https://m.media-amazon.com/images/G/01/imdb/images/nopicture/large/film-184890147._CB469860316_.png,124,Terahvin,2018,,Comedy,,Family and friends attend the wake of a recently deceased girl.,Vaibhav Vats,Carma Sharon,Sukhraj Deepak,Sudhanshu Vachaspati,George Kontoleon,
,https://m.media-amazon.com/images/G/01/imdb/images/nopicture/large/film-184890147._CB469860316_.png,125,Freedom of Life,2005,29 min,Short,8.2,"Patty, a 8-year-old boy, has suffered from a serious road accident that has ruptured his spine beyond repair. His father Jossy a widower is devastated after hearing from the doctor that ...                 »",Sharat Chandra,Anushka Shetty,Yatin Karyekar,Aniket Rudaraksh,Parul Singh,8
,https://m.media-amazon.com/images/G/01/imdb/images/nopicture/large/film-184890147._CB469860316_.png,126,Desperately Seeking Helen,1999,81 min,"Documentary, Drama",7.2,"Director Eisha Marjara tries to track down Helen, a famous movie star in the world's largest dream factory, ""Bollywood"". Helen becomes a passage into Marjara's real world--her unsettling ...                 »",Eisha Marjara,Eisha Marjara,Helen,Kapil Bawa,Vrinda Bhasin,12
,https://m.media-amazon.com/images/G/01/imdb/images/nopicture/large/film-184890147._CB469860316_.png,127,Andaaz,2013,30 min,Talk-Show,8.6,"A contemporary lifestyle talk show for the South Asian community. Covering a wide range of topics from health & fitness, fashion & beauty, entrepreneurship, spirituality, relationships and more.",Sarika Batra,Naveen Jain,Esha Mohanh,Jay Piatek,,5
,https://m.media-amazon.com/images/G/01/imdb/images/nopicture/large/film-184890147._CB469860316_.png,128,Appu & Gappu International Super Detectives,,75 min,"Animation, Action, Adventure",,"Adventures of Twin alien brothers who have made Earth their new home and fight to protect it against crimes and criminals, solving one mystery after another.",More Avinash,More Pradnya,,,,
,https://m.media-amazon.com/images/G/01/imdb/images/nopicture/large/film-184890147._CB469860316_.png,129,Bollyworld,2015,7 min,"Animation, Short",,"By dancing an indian dance artist creates a colorful, fantastic Bollywood world. A thrilling story about love, lies and the various facets of reality.",Monira Kamal,Boris Bouanani,Kai Höregott,Alexandra Keuchel,Ioanna Srinivasan,
,https://m.media-amazon.com/images/G/01/imdb/images/nopicture/large/film-184890147._CB469860316_.png,130,Bhukhe,2012,,"Short, Comedy",,Four hungry Indian town boys fight the injustice that is done to them. But they got more than they bargained for.,Aditya Raghav,Shashank Arora,Vijay Kalvani,Imran Merchant,Nishant Singh,
,https://m.media-amazon.com/images/G/01/imdb/images/nopicture/large/film-184890147._CB469860316_.png,131,The Indian Telly Awards,2001,210 min,Musical,,,Anil Wanvari,Alyy Khan,,,,
,https://m.media-amazon.com/images/G/01/imdb/images/nopicture/large/film-184890147._CB469860316_.png,132,Bollywood for Beginners,2002,24 min,"Documentary, Short",9.3,"The world's most vibrant and colorful cinema comes crashing through the screen in Bollywood for Beginners, a documentary about the characters, traditions, heroes and heroines that drive ...                 »",Penelope Jagessar Chaffer,Shobu Kapoor,Rachel Dwyer,Deepak Verma,Nasreen Munni Kabir,657
,https://m.media-amazon.com/images/G/01/imdb/images/nopicture/large/film-184890147._CB469860316_.png,133,Svara: A Brooks Institute Documentary Project to South India,2009,47 min,"Documentary, Adventure",,"Each year, the Visual Journalism program at Brooks Institute offers an international documentary trip for interested visual journalism, professional photography, and film students. The ...                 »",The Svara Group,,,,,
,https://m.media-amazon.com/images/G/01/imdb/images/nopicture/large/film-184890147._CB469860316_.png,134,Asian Network Gold,2012,57 min,Music,,,Ashok Rampal,Sonia Deol,Lalita Ahmed,Nusrat Fateh Ali Khan,Ghazala Amin,
,https://m.media-amazon.com/images/G/01/imdb/images/nopicture/large/film-184890147._CB469860316_.png,135,City of Lakes,2010,28 min,"Short, Drama, Musical",8.2,,Kevin Shahinian,Rushad Rana,Anubhab Saha,Sharon Chawda,Melissa Kumar,11
,https://m.media-amazon.com/images/G/01/imdb/images/nopicture/large/film-184890147._CB469860316_.png,136,63rd Filmfare Awards,2018,,Reality-TV,,,Shah Rukh Khan,Karan Johar,Ayushmann Khurrana,Parineeti Chopra,,
,https://m.media-amazon.com/images/G/01/imdb/images/nopicture/large/film-184890147._CB469860316_.png,137,Connect,2011,9 min,"Short, Comedy, Musical",8,Strangers connect at a train stop and share their private passions by bending reality.,Judy Garlow,Omar Scanu,Jackeline Velez,Susan Ly,Ruthie Ames,9
,https://m.media-amazon.com/images/G/01/imdb/images/nopicture/large/film-184890147._CB469860316_.png,138,Grand Festival,2006,96 min,"Comedy, Drama",,A film festival is organized in a remote Indian village to save a suicidal film maker.,Biju Viswanath,Ashwath Bhatt,Shruthi Gupta,Danish Iqubal,Rajendra Paayeel,
,https://m.media-amazon.com/images/G/01/imdb/images/nopicture/large/film-184890147._CB469860316_.png,139,Bollywood im Alpenrausch,2000,,Documentary,9.3,,Christian Frei,Peter Kner,Irina Schönen,Thomas Stuckenschmidt,Jakob Tritten,866
,https://m.media-amazon.com/images/G/01/imdb/images/nopicture/large/film-184890147._CB469860316_.png,140,Kyon? Kis Liye?,2003,130 min,"Crime, Drama",,,Vinod Talwar,Ruby Dhalla,Chico Sihra,Saajan Sihra,,
,https://m.media-amazon.com/images/G/01/imdb/images/nopicture/large/film-184890147._CB469860316_.png,141,BabyDoll,2014,10 min,"Short, Crime, Horror",,,Rahul Ram,Aditya,Sunitha,,,
,https://m.media-amazon.com/images/G/01/imdb/images/nopicture/large/film-184890147._CB469860316_.png,142,Bollyrobics - Dance Workout,2007,103 min,Sport,,"Indian dance elements from well known bollywood movies are bounded to a rousing, sudorific, sexy choreography. Bollyrobics is a new kind of workout. It combines training of coordination, ...                 »",Timm Hogerzeil,Julia Casper,Pak Daddy,,,
,https://m.media-amazon.com/images/G/01/imdb/images/nopicture/large/film-184890147._CB469860316_.png,143,Shit Happens!,2015,13 min,"Short, Drama",8.4,It's a story about a couple who meet by accident and fall in love with each other. They plan to get married. They decide to tell it to their parents and when they reached at the girls house...                 »,Vipul Patil,Savli Pawar,Vipul Patil,Prerna Walanj,Ashish Wadde,7
,https://m.media-amazon.com/images/G/01/imdb/images/nopicture/large/film-184890147._CB469860316_.png,144,The Human Factor,2013,76 min,Documentary,6,Songs have been an integral part of Indian films. But who were those unseen - and uncredited - musicians who made up the orchestras that played on those songs and the background scores?,Rudradeep Bhattacharjee,Gregory D. Booth,Enoch Daniels,Naresh Fernandes,Kushal Gopalka,12
,https://m.media-amazon.com/images/G/01/imdb/images/nopicture/large/film-184890147._CB469860316_.png,145,The Silhouette - Darkness Prevails,2011,15 min,"Short, Mystery",,"The Silhouette:Darkness Prevails is a supernatural thriller that revolves around the strange occurrences which the protagonist experiences in his rented house, and how it leads to a ...                 »",Sayantan Ghosal,Santanu Sen,Arijit Mitra,Ankur Biswas,Swapan Guha,
,https://m.media-amazon.com/images/G/01/imdb/images/nopicture/large/film-184890147._CB469860316_.png,146,Misha,2010,7 min,"Short, Drama, Family",,A 6 yr old girl from Mumbai runs away from home in search of her true identity.,Sushma Khadepaun-Parmar,Raj Arjun,Sara Arjun,Jayant Singh,Itisha Tyagi,
,https://m.media-amazon.com/images/G/01/imdb/images/nopicture/large/film-184890147._CB469860316_.png,147,Cinema of Horror,2009,9 min,"Short, Comedy",9.1,"Three film students see the world through the fantasy of Asian genre cinema, which inspires them. A celebration of the crossover of Asian/Western culture in an entertaining comment on current British filmmaking.",Peter M. Kershaw,John Andrews,Andy Cheung,David Kendra,Felicia Herrero,10
,https://m.media-amazon.com/images/G/01/imdb/images/nopicture/large/film-184890147._CB469860316_.png,148,Bollywood to Hollywood,2009,,"Short, Comedy",,,Saba Moor-Doucette,Radhika Chaudhari,Sanjay Chhugani,Jeff Doucette,Megan Feely,
,https://m.media-amazon.com/images/G/01/imdb/images/nopicture/large/film-184890147._CB469860316_.png,149,12th International Indian Film Academy Awards,2011,167 min,,9.1,,Shabana Azmi,Mandy May Cheetham,Riteish Deshmukh,Cuba Gooding Jr.,,585
,https://m.media-amazon.com/images/G/01/imdb/images/nopicture/large/film-184890147._CB469860316_.png,150,Bride and Gloom,2011,15 min,"Short, Drama",,"A young Indian Bride battles against her strictly traditional Mother in Law on her wedding day...and when things couldn't get much worse she finds herself in the room of a nervous, ...                 »",Ronak Singh,Bill Fellows,Nicky Hayer,Poppy Jhakra,Amer Raiz,
,https://m.media-amazon.com/images/G/01/imdb/images/nopicture/large/film-184890147._CB469857357_.png,151,Framed,2007,,"Comedy, Musical, Thriller",,"Six college students try to play a prank on the Dean. When he ends up dead and the trail leads to them, they need to explain what happened. With a bag full of cash and many strange situations, Framed presents a fun thriller.",Chetan Shah,Rohan Gupta,Karthik Kumar,Lekha Washington,Malavika P.C.,
,https://m.media-amazon.com/images/G/01/imdb/images/nopicture/large/film-184890147._CB469857357_.png,152,Untimely Love,2018,,Romance,,"A young Indian man falls in love with a devout African American Christian woman. When their worlds collide and religious differences clash, will their relationship survive?",Kaylania Chapman,David A. Jackson,Tai Nelson,Marjorie Tingle,Grae Marino,
,https://m.media-amazon.com/images/G/01/imdb/images/nopicture/large/film-184890147._CB469857357_.png,153,Priya,,,Drama,,"Priya is a young Indian girl who desires to fit in and be more ""normal"" like the other kids. Born with a cleft palate, she goes on a short journey of enlightenment, love, and self-discovery.",Kaylania Chapman,Avani Babwah,,,,
,https://m.media-amazon.com/images/G/01/imdb/images/nopicture/large/film-184890147._CB469857357_.png,154,Bidt af Bollywood,2003,10 min,"Documentary, Short",,"Portrait of Danish film director 's fascination with Bollywood. Eight years ago almost by accident she found herself in a cinema in Delhi, and since then she's seen more than ...                 »",Helle Ryslinge,,,,,
,https://m.media-amazon.com/images/G/01/imdb/images/nopicture/large/film-184890147._CB469857357_.png,155,Bollywood Workout,2002,76 min,,4.7,,Steve Kemsley,Honey Kalaria,,,,7
,https://m.media-amazon.com/images/G/01/imdb/images/nopicture/large/film-184890147._CB469857357_.png,156,Captive,2013,30 min,Drama,,Captive is Boston's first ever short film dramatic/suspense series to feature a predominantly Indian cast.,Jeremy Austin,Mansoor Basha,Nagaraju Cemitathollu,Gauri Chandna,,
,https://m.media-amazon.com/images/G/01/imdb/images/nopicture/large/film-184890147._CB469857357_.png,157,Goodness Ungracious Me!,2002,22 min,"Documentary, Short",,,Lisa Fairbank,Parv Bancil,Ellie Crompton,Bobby Friction,Shaheen Khan,
,https://m.media-amazon.com/images/G/01/imdb/images/nopicture/large/film-184890147._CB469857357_.png,158,Aaloo Tikki,2015,6 min,"Short, Comedy, Drama",,"On a quiet Sunday afternoon, Neha and Akash discuss their relationship, over an Aaloo Tikki (Potato Patty).",Ashish Varma,Guneet Marwah,Jasmine Sawant,Nitin Sawant,Sid Sawant,
,https://m.media-amazon.com/images/G/01/imdb/images/nopicture/large/film-184890147._CB469857357_.png,159,Mini Movies,2004,3 min,Short,,Bollywood meets amphetemines in the mind of this young gay man.,Vishwas Kulkarni,,,,,
,https://m.media-amazon.com/images/G/01/imdb/images/nopicture/large/film-184890147._CB469857357_.png,160,Bollywood Women,2002,4 min,Documentary,,,Thomas Abraham,,,,,
,https://m.media-amazon.com/images/G/01/imdb/images/nopicture/large/film-184890147._CB469857357_.png,161,Southall on Film,2018,32 min,"Documentary, Short",,,Afshin Robin Rohani,Blaise Singh,,,,
,https://m.media-amazon.com/images/G/01/imdb/images/nopicture/large/film-184890147._CB469857357_.png,162,Bollywood Aerobics: At Home with Rahul Nath,2011,65 min,Sport,,"Come and sweat it out with creator and dance instructor Rahul Nath as he leads you through the hottest and latest moves from Bollywood cinema, with a high cardio workout. Bollywood Aerobics...                 »",Rahul Nath,Rahul Nath,,,,
,https://m.media-amazon.com/images/G/01/imdb/images/nopicture/large/film-184890147._CB469857357_.png,163,Untitled Raj Kapoor Biopic,,,"Short, Biography, Drama",,A biographical film about the romance between screen legends Raj Kapoor and Nargis.,Ranjeet S. Marwa,Jeevan Singh Marwa,Diljohn Sidhu,Chandni Supawala,,
,https://m.media-amazon.com/images/G/01/imdb/images/nopicture/large/film-184890147._CB469857357_.png,164,Personality,2007,85 min,Documentary,,"Rajesh, a talented and hard-working dancer, moves to Bombay from his rural village to dance in Bollywood films.",Vinay Chowdhry,Rajesh Rajput,Sanjay Sharma,,,
,https://m.media-amazon.com/images/G/01/imdb/images/nopicture/large/film-184890147._CB469857357_.png,165,Azaab,2016,75 min,Crime,,A story of three friends who caught in a situation which leads them to kidnap a kid.,Ashu Bharti,Dinesh Jethani,Rahil Mansoori,Paramveer Singh,,
,https://m.media-amazon.com/images/G/01/imdb/images/nopicture/large/film-184890147._CB469857357_.png,166,Din-E-Intzaar - Heute ist der Tag,2006,10 min,Short,,Geburtstagslied - Heute ist der Tag! - Kinderlieder zum mitsingen und Tanzen,Markus F. Adrian,Punya Darshan,Birju Rajak,Shweta Tiwari,,
,https://m.media-amazon.com/images/G/01/imdb/images/nopicture/large/film-184890147._CB469857357_.png,167,Parichay Feat. Sean Kingston & Alam: Saare Mundeya Nu,2017,3 min,"Short, Music",,,Chris Strikes,Visual Szn,Parichay,Sean Kingston,Aneesa Badshaw,
,https://m.media-amazon.com/images/G/01/imdb/images/nopicture/large/film-184890147._CB469857357_.png,168,Chitrmala,1998,60 min,Musical,5.9,,Mandira Mehra,Nilima Mehra,,,,14
,https://m.media-amazon.com/images/G/01/imdb/images/nopicture/large/film-184890147._CB469857357_.png,169,Shakespeare Goes Bollywood,,,"Comedy, Drama, Musical",,"A dubious Bollywood 'icon' - with entourage in tow - descends upon Stratford-upon-Avon to wangle the lead in Romeo & Juliet (Bollywood style); defying the British literati, his saboteurs and conniving twin - for Shakespeare's honor.",,,,,,
,https://m.media-amazon.com/images/G/01/imdb/images/nopicture/large/film-184890147._CB469857357_.png,170,Hustle,2004–2012),60 min,"Crime, Drama, Mystery",8.1,"Albert identifies their next mark, Kulvinder Samar, a businessman with a love of Bollywood movies. Their play is quite simple: convince him to invest in their Bollywood movie and even offer...                 »",Colm McCarthy,Adrian Lester,Marc Warren,Robert Glenister,Jaime Murray,138
,https://m.media-amazon.com/images/G/01/imdb/images/nopicture/large/film-184890147._CB469857357_.png,171,Mahabharat,2013–2014),,"Drama, History, War",8.8,"Vichitravirya is captured by the King of Panchal, for his misdeeds. Bhishma saves Vichitravirya from the King of Panchal.",Amarpreet G.S. Chhabra,Siddharth Anand Kumar,Kamal Monga,Loknath Pandey,Saurabh Raj Jain,15
,https://m.media-amazon.com/images/G/01/imdb/images/nopicture/large/film-184890147._CB469857357_.png,172,Mr. D,2012,,Comedy,7.1,"Gerry's father Francis visits Xavier, and Gerry decides to take a page from his father's book when dealing with an insubordinate student.",Keith Samples,Gerry Dee,Jonathan Torrens,Lauren Hammersley,Booth Savage,17
,https://m.media-amazon.com/images/G/01/imdb/images/nopicture/large/film-184890147._CB469857357_.png,173,Emmerdale,1972,,"Drama, Romance",,Tricia tells Diane that she wants to return to her job behind the bar at the Woolpack. Bob persuades Viv to apologize to Chastity. Marlon thought Tricia would be loaded with money after ...                 »,Tracey Rooney,Philip Wood,John Middleton,Emily Symons,Charlotte Bellamy,
,https://m.media-amazon.com/images/G/01/imdb/images/nopicture/large/film-184890147._CB469857357_.png,174,Carte Blanche,1988,,News,,,Craig Allen,Minki Allen,Anthony Batchelor,Ronald Bobroff,,
,https://m.media-amazon.com/images/G/01/imdb/images/nopicture/large/film-184890147._CB469857357_.png,175,So You Think You Can Dance Canada,2008,120 min,"Music, Reality-TV",,,Don Weiner,Mike Bickerton,Blake McGrath,Luther Brown,Leah Miller,
,https://m.media-amazon.com/images/G/01/imdb/images/nopicture/large/film-184890147._CB469857357_.png,176,Alarm für Cobra 11 - Die Autobahnpolizei,1996,,"Action, Crime, Drama",8,,Darius Simaifar,Erdogan Atalay,Daniel Roesner,Katja Woywood,Katrin Heß,10
,https://m.media-amazon.com/images/G/01/imdb/images/nopicture/large/film-184890147._CB469857357_.png,177,Unreported World,2000,23 min,Documentary,,"investigates how the #MeToo campaign has taken off in India's film industry, meeting leading actresses speaking out against assault, sexual harassment and rape.",Alicia Arce,Krishnan Guru-Murthy,Sahar Zand,Flavia Agnes,Toaney Bhatia,
,https://m.media-amazon.com/images/G/01/imdb/images/nopicture/large/film-184890147._CB469857357_.png,178,Sami Yaffa - Sound Tracker,2014,50 min,"Documentary, Music",,,Otso Tiainen,Sami Yaffa,Longiness Fernandes,Shamir Tandon,,
,https://m.media-amazon.com/images/G/01/imdb/images/nopicture/large/film-184890147._CB469857357_.png,179,Aku ja 7 ihmettä,2014,60 min,Documentary,,,Tuomas Summanen,Aku Hirviniemi,,,,
,https://m.media-amazon.com/images/G/01/imdb/images/nopicture/large/film-184890147._CB469857357_.png,180,Omnibus,1967–2003),60 min,"Documentary, Biography, Music",9.2,,Nasreen Munni Kabir,Sanjeev Bhaskar,Andrew Lloyd Webber,Simon Fanshawe,A.R. Rahman,8
,https://m.media-amazon.com/images/G/01/imdb/images/nopicture/large/film-184890147._CB469857357_.png,181,The Kick Vee Show,2018,,Talk-Show,,,Vee Monro,Sarah,,,,
,https://m.media-amazon.com/images/G/01/imdb/images/nopicture/large/film-184890147._CB469857357_.png,182,An Idiot Abroad,2010–2012),45 min,"Documentary, Adventure, Comedy",7.5,"Karl and Warwick arrive in Mumbai, India, the country which Karl hated on his last visit. Warwick, who is immediately taken by the sights and sounds, hopes Karl will appreciate it this ...                 »",Luke Campbell,Benjamin Green,Richard Yee,Karl Pilkington,Warwick Davis,168
,https://m.media-amazon.com/images/G/01/imdb/images/nopicture/large/film-184890147._CB469857357_.png,183,The O.C.,2003–2007),44 min,"Comedy, Drama, Romance",7.7,"Ryan can't sleep, and a smitten Taylor tries to seduce him by becoming his sleep therapist. Meanwhile, Seth vows not to call Summer, and Kaitlin struggles when Julie has a fling with her tennis instructor.",Ian Toynton,Peter Gallagher,Kelly Rowan,Ben McKenzie,Adam Brody,286
,https://m.media-amazon.com/images/G/01/imdb/images/nopicture/large/film-184890147._CB469857357_.png,184,American Housewife,2016,21 min,Comedy,8,"When things start to fall apart at the last minute, Katie figures out a new way to make the spring gala a success. Meanwhile, Greg attempts to be a fun dad and winds up adopting a dog while Katie is occupied with the gala.",John Putch,Katy Mixon,Diedrich Bader,Meg Donnelly,Daniel DiMaggio,44
,https://m.media-amazon.com/images/G/01/imdb/images/nopicture/large/film-184890147._CB469857357_.png,185,So You Think You Can Dance,2005,120 min,"Game-Show, Music, Reality-TV",6.8,"The Top 10 dancers on ""So You Think You Can Dance"" took to the stage on Wednesday as judges Adam Shankman, Mia Michaels and Nigel Lythgoe took their seats.After last week's results show, ...                 »",Nikki Parsons,Cat Deeley,Nigel Lythgoe,Mia Michaels,Adam Shankman,11
,https://m.media-amazon.com/images/G/01/imdb/images/nopicture/large/film-184890147._CB469857357_.png,186,So You Think You Can Dance Canada,2008,,"Music, Reality-TV",5.8,,Don Weiner,Tina Apostolopoulos,Mike Bickerton,Karl DiPelino,Leah Miller,5
